Ad,"Baju Yoga / Baju Yoga Manduka / Enlightened Tee Black - Black, M",Rp475.000,Rp650.000,27%,Cashback 6%,Kab. Tangerang,YogaMatIndonesia,5.0,10 terjual
Ad,"Baju Atasan Olahraga Senam Yoga Pilates / Tank Top Ruby Wanita Dry Fit - Hitam, No.4 (S)",Rp195.000,Cashback 11%,Jakarta Utara,Unique Yoga Shop,5.0,19 terjual
Ad,"Baju Shirt JY-12 Wanita olahraga gym fitnes yoga running zumba - White, S",Rp129.000,Cashback 3%,Jakarta Utara,sportsstyles,4.9,40+ terjual
Ad,"AirFit - Kaos Sport Baju Atasan Olahraga Yoga Tennis Wanita Fitness - Hitam, M",Rp99.000,Cashback 13%,Kab. Tangerang,AirFit,5.0,19 terjual
Ad,"baju sleting lengan panjang olahraga wanita fitness gym yoga bicycle - Galon Purple, XXL",Rp179.000,Cashback 3%,Jakarta Utara,sportsstyles,5.0,19 terjual
Reytorrm Baju lengan Pendek Wanita Olahraga Kaos Sport Yoga Oversize,Rp149.000,Cashback 4%,Jakarta Barat,Reytorrm sports,4.9,60+ terjual
Sportacular,Stella Crop Top & Hot Pants Setelan Baju Olahraga Wanita Yoga Set Zumb,Rp179.999,Cashback 3%,Jakarta Barat,Second Shape Sports Apparel,4.9,70+ terjual
setelan baju olahraga wanita panjang baju senam gym fitness yoga,Rp185.000,Cashback 5%,Depok,ASIX SHOPPING,4.8,90+ terjual
baju panjang CX wanita olaharaga Fitnes yoga gym running bicycle,Rp100.000,Rp125.000,20%,Cashback 3%,Jakarta Utara,sportsstyles,4.9,60+ terjual
Sisa 2,Setelan Baju Senam Olahraga Sport Aerobic Fitnes Yoga Wanita Import,Rp110.000,Cashback 3%,Jakarta Barat,360 Pro Shop,4.8,70+ terjual
Swimsuit Collection Crop Top Baju Olahraga Yoga Sport Senam 1135,Rp74.999,Cashback 7%,Jakarta Barat,Swimsuit Collection,4.9,50+ terjual
Terrel sportswear basic tee white women jersey baju lari gym yoga cwe,Rp61.700,Cashback 7%,Bandung,Terrelsportswear,4.8,70+ terjual
Terrel sportswear basic tee black women jersey baju lari gym yoga cwe,Rp61.700,Cashback 7%,Bandung,Terrelsportswear,5.0,100+ terjual
Terrel women basic tee crop black baju olah raga gym running lari yoga,Rp47.955,Cashback 7%,Bandung,Terrelsportswear,5.0,14 terjual
Sportacular,Prana Women Sportwear Quick Dry Baju Olahraga Yoga Cepat Kering,Rp79.999,Cashback 6%,Jakarta Utara,Prana Official Shop,5.0,30+ terjual
 Baju Olahraga Wanita Tanktop Yoga Aerobik Zumba Premium 594,Rp64.766,Cashback 1%,Kab. Tangerang,active wear,5.0,24 terjual
Baju Atasan Yoga Wanita Lengan Pendek Polos Kaos Olahraga Senam Gym,Rp69.000,Cashback 2%,Jakarta Barat,Juragan kaus kaki,4.9,50+ terjual
Sportacular,Baju Sport Wanita Yoga Kaos Lari Gym Baju Training,Rp44.000,Cashback 14%,Tangerang,OneMMA,4.4,40+ terjual
Baju Atasan Olahraga Wanita Kaos Senam Zumba Yoga Gym Lengan Pendek,Rp79.000,Cashback 2%,Jakarta Barat,Juragan kaus kaki,4.9,250+ terjual
Kaos Gym Baju Yoga Wanita REIKO Oversize Atasan Olahraga Lari Zumba,Rp84.000,Cashback 5%,Jakarta Barat,Reiko Store,4.9,90+ terjual
Ad,"Baju Senam Yoga NUX Holy Smoke Long Sleeves Atasan Olahraga Wanita - Melbec, S/M",Rp575.000,Rp850.000,32%,Cashback 6%,Kab. Tangerang,YogaMatIndonesia,6 terjual
Ad,Grosir Baju Senam Yoga / Singlet Yoga Gym DL 97317/ Top Yoga Putih - M,Rp199.000,Cashback 11%,Jakarta Utara,Unique Yoga Shop,5.0,5 terjual
Ad,Baju Yoga Import Lengan Pendek DL 96107 / Atasan Olahraga Murah - S,Rp188.000,Rp270.000,30%,Cashback 10%,Denpasar,unique yoga bali
Ad,"Slashed Tee Kaos Anak Lengan Pendek Kaos Olahraga Yoga Dance Baju - Hijau, 6/8",Rp75.000,Jakarta Utara,SmittenKitten,5.0,6 terjual
Ad,Baju Olahraga Wanita Venus Top Atasan Jumbo Oversized Yoga Poundfit,Rp132.000,Diskon 15 rb,Semarang,Rumah Yoga ID,4.7,3 terjual
Baju Olahraga Muslimah Modern Lengan Panjang Sepeda Running Zumba Yoga,Rp69.500,Cashback 5%,Jakarta Barat,CV Fufu Baju Olahraga Indonesia,5.0,40+ terjual
JC913 Pakaian Olahraga Wanita Kaos Cewek Baju Yoga Sport Fitness,Rp149.000,Cashback 5%,Jakarta Barat,JakartaCheapCheap,4.9,100+ terjual
Terlaris,Baju setelan senam aerobik zumba yoga fitness wanita Sela,Rp99.800,Cashback 5%,Jakarta Utara,Tulipshop77,4.9,90+ terjual
SETELAN BAJU SENAM AEROBIC SET SHARPLINE BAJU ZUMBA YOGA FITNES GYM,Rp87.000,Cashback 1%,Tangerang,yenz sportswear,5.0,3 terjual
UC | CASSIE baju kaos atasan lengan panjang olahraga yoga gym fitness,Rp90.000,Cashback 1%,Kab. Tangerang,UC_Unicore,7 terjual
Sportacular,Satu set baju senam yoga pink & legging olahraga yoga pant hitam lis,Rp438.000,Cashback 11%,Jakarta Utara,Unique Yoga Shop,4.9,100+ terjual
Setelan Baju Senam fitnes olahraga gym yoga lari wanita,Rp179.900,Cashback 5%,Jakarta Utara,Tulipshop77,5.0,30+ terjual
Baju senam kaos sport gym yoga fitness olahraga running biker wanita,Rp70.900,Rp79.900,11%,Cashback 4%,Jakarta Utara,Tulipshop77,4.9,100+ terjual
UC | JEANY series top shirt baju atasan olahraga gym fitness yoga,Rp148.000,Cashback 1%,Kab. Tangerang,UC_Unicore,5.0,29 terjual
Sportacular,Terrel sportswear basic tanktop white women jersey baju lari gym yoga,Rp45.700,Rp110.000,58%,Cashback 7%,Bandung,Terrelsportswear,5.0,70+ terjual
Ad,"KAOS YOGA WANITA /ATASAN YOGA / BAJU YOGA WANITA / DEKAOS 1187 NAMASTE - Ungu terong, S",Rp43.900,Cashback 2%,Tangerang Selatan,Dekaosshop,5.0,100+ terjual
Ad,Baju Yoga Wanita 2 pcs | Seamless Gym Workout | Baju Olahraga Wanita - Coffee M,Rp299.000,Tangerang,Beda Wear,5.0,30+ terjual
Ad,Baju Yoga / Kaos Yoga / Top Bintik Ohm - Hitam,Rp125.000,Cashback 11%,Jakarta Utara,Unique Yoga Shop,4.9,40+ terjual
Ad,"sportsstyles baju olahraga wanita AB239 fitness gym yoga - CropVBlack, S",Rp119.000,Cashback 3%,Jakarta Utara,sportsstyles,1 terjual
Ad,Inspirasi Belanja,"PREMIUM Baju DRI-FIT Running Gym Olahraga Yoga Wanita Sport CX11488 - Merah Muda, M",Rp159.000,Cashback 13%,Surabaya,Zero Market Official,5.0,13 terjual
Ella Top shirt yoga atasan outer olahraga gym fitness pilates,Rp160.000,Cashback 3%,Semarang,DomSportWear,5.0,8 terjual
Baju Shirt JY-12 Wanita olahraga gym fitnes yoga running zumba,Rp129.000,Cashback 3%,Jakarta Utara,sportsstyles,4.9,40+ terjual
Terlaris,Setelan baju senam sport hotpants olahraga fitness zumba yoga wanita,Rp149.000,Cashback 5%,Jakarta Utara,Tulipshop77,4.9,100+ terjual
BX5 - Baju Kaos Sport Wanita Gym Fitnes Yoga Top Slim Fit Run Dry Fit,Rp95.000,Cashback 1%,Jakarta Barat,Venditionis_shop,4.9,50+ terjual
setelan 2pcs baju olahraga wanita/panjang/ sporty gym fitness yoga,Rp155.000,Cashback 3%,Jakarta Utara,sportsstyles,5.0,100+ terjual
KAOS YOGA WANITA /ATASAN YOGA / BAJU YOGA WANITA / DEKAOS 2630 PEACE,Rp42.800,Cashback 2%,Tangerang Selatan,Dekaosshop,4.9,70+ terjual
Terrel sportswear basic tee black women jersey baju lari gym yoga cwe,Rp61.700,Rp155.000,60%,Cashback 7%,Bandung,Terrelsportswear,5.0,100+ terjual
Hanabi Longsleeve Baju Sport Wanita / Pilates / Yoga,Rp135.000,Rp150.000,10%,Cashback 3%,Jakarta Utara,as_musicstore and sport,5.0,6 terjual
TSHIRT YOGA NEW / BAJU KAOS YOGA WANITA / ATASAN SENAM WANITA / 1089,Rp39.900,Tangerang Selatan,Dekaosshop,5.0,90+ terjual
SETELAN OLAHRAGA WANITA - SET CROP NK - BAJU SENAM AEROBIC ZUMBA YOGA,Rp149.999,Cashback 1%,Tangerang,yenz sportswear,4.8,15 terjual
Ad,"Rocella Kaos Ravena Celana Terreva Baju Yoga Baju Senam Baju Fitness - Red Velvet, L-XL",Rp216.000,Cashback 6%,Tangerang Selatan,Olizwelshop
Ad,Baju Yoga / Baju Yoga Manduka / Crop It Top Black Tie Dye - XS,Rp450.000,Rp650.000,31%,Cashback 6%,Kab. Tangerang,YogaMatIndonesia,5.0,3 terjual
Ad,Baju Senam Yoga/ Baju Olahraga Luaran Pink/ Baju Senam Murah DL 97335 - XL,Rp188.000,Cashback 11%,Jakarta Utara,Unique Yoga Shop,5.0,2 terjual
Ad,"Baju Yoga / Baju Yoga NUX / Spellbound Cami Black - Black, S",Rp650.000,Rp995.000,35%,Cashback 6%,Kab. Tangerang,YogaMatIndonesia,5.0,3 terjual
Ad,"Winny Outer Baju Kaos Olahraga Wanita Yoga Pilates Gym - Green, S",Rp142.000,Cashback 5%,Kab. Bogor,TICTACSPORTSWEAR,2 terjual
KAOS YOGA WANITA / BAJU YOGA WANITA / ATASAN YOGA / DEKAOS 2600,Rp41.800,Tangerang Selatan,Dekaosshop,5.0,17 terjual
kaos gym wanita yoga legging 2 in 1 fitness T-shirt quick dry one set,Rp119.000,Cashback 3%,Denpasar,Bleu Grocer,5.0,9 terjual
Setelan Olahraga Wanita Syari Muslimah Pakaian Baju Senam Yoga Aerobic,Rp216.000,Rp240.000,10%,Cashback 1%,Tangerang Selatan,Rocella Store ID,5.0,30+ terjual
UC | LILI sportbra atasan baju olahraga gym fitness yoga,Rp130.000,Cashback 1%,Kab. Tangerang,UC_Unicore,5.0,11 terjual
TULLE TEE - BAJU OLAHRAGA WANITA SENAM AEROBIC ZUMBA YOGA DANCE MURAH,Rp95.000,Bandung,Rain Sportswear Store,5.0,19 terjual
Terlaris,setelan baju senam fitnes olahraga gym yoga zumba import wanita,Rp120.000,Cashback 5%,Jakarta Utara,Tulipshop77,4.8,100+ terjual
PreOrder,Baju Belly Dance Line Dance baju senam yoga zumba aerobik,Rp69.000,Cashback 2%,Bandung,JennydollShop,4.8,70+ terjual
SETELAN BAJU SENAM AEROBIC SET CROP BRA ADS BAJU SENAM ZUMBA YOGA GYM,Rp149.999,Cashback 1%,Tangerang,yenz sportswear,4.5,12 terjual
Terlaris,Setelan Baju Senam fitnes olahraga gym yoga zumba wanita,Rp125.000,Cashback 5%,Jakarta Utara,Tulipshop77,4.8,100+ terjual
setelan baju olahraga wanita gym yoga baju senam crop silang,Rp77.900,Cashback 5%,Depok,ASIX SHOPPING,4.6,70+ terjual
UC | LIVY series sweat shirt atasan baju olahraga gym fitness yoga,Rp60.000,Rp75.000,20%,Cashback 1%,Kab. Tangerang,UC_Unicore,5.0,20 terjual
Setelan Olahraga Wanita Baju + Celana Panjang Olahraga 1Warna Gym Yoga,Rp175.000,Cashback 3%,Surabaya,Abyass Store,5.0,5 terjual
BJ982 BAJU KAOS OLAHRAGA GYM YOGA WANITA LENGAN PANJANG MODEL CROP TEE,Rp38.849,Kab. Tangerang,Mymallshop,4.5,5 terjual
Lululemon - Shoulder Cut-Out Yoga T-Shirt (Bone),Rp450.000,Cashback 2%,Jakarta Selatan,Herein
Baju Kaos T-shirt Dry Fit Olahraga Wanita Bisa di ikat / Atasan Yoga,Rp245.000,Cashback 11%,Jakarta Utara,Unique Yoga Shop,5.0,22 terjual
Baju Atasan Yoga Wanita Lengan Pendek Polos Kaos Olahraga Senam Gym,Rp69.000,Rp120.000,43%,Cashback 2%,Jakarta Barat,Juragan kaus kaki,4.9,50+ terjual
BAJU SPORT WANITA 3 PCS LONG SLEEVE I SETELAN BAJU YOGA GYM,Rp279.200,Rp349.000,20%,Cashback 1%,Jakarta Barat,FAN collection,4.9,16 terjual
WiZi Kaos T-Shirt Wanita Lengan Pendek Untuk Gym&Lari&Yoga,Rp78.000,Cashback 3%,Jakarta Utara,wizi_Toko,4.8,100+ terjual
Sisa 4,Specs Esora Hijab Longsleeve 903438|Kaos Olahraga Muslim Baju Yoga,Rp179.900,Cashback 1%,Yogyakarta,Granesia Official,5.0,6 terjual
Reytorrm Wanita olahraga Yoga Wear pendek long sleeve T-Shirt sports,Rp129.000,Rp139.000,7%,Cashback 4%,Jakarta Barat,Reytorrm sports,4.8,20 terjual
setelan olahraga wanita baju senam gym fitness yoga strong,Rp82.500,Cashback 5%,Depok,ASIX SHOPPING,4.7,100+ terjual
Reytorrm Women's Long Sleeve Yoga Wear Fitness T-Shirt Longgar,Rp139.000,Cashback 4%,Jakarta Barat,Reytorrm sports,4.4,15 terjual
Kaos Olahraga Senam Yoga Casual Wanita Lengan Pendek / Baju Top Clara ,Rp215.000,Cashback 11%,Jakarta Utara,Unique Yoga Shop,5.0,7 terjual
Kaos OlahRaga Wanita Senam Lari Fitness Baju Training Gym Yoga Fitnes,Rp59.900,Cashback 5%,Depok,ZIYAR OLSHOP,5.0,100+ terjual
Sisa 3,SETELAN BAJU OLAHRAGA WANITA DOREMI S4 SPORT BRA + LEGGING SET YOGA,Rp158.000,Cashback 5%,Kab. Bogor,DOREMISPORTWEAR,5.0,60+ terjual
SETELAN BAJU SENAM AEROBIC SET CROP ROK RUMBAI BAJU ZUMBA YOGA FITNES,Rp34.999,Tangerang,yenz sportswear,2 terjual
Sportacular,Baju Sport Wanita Yoga Kaos Lari Gym Baju Training,Rp44.000,Rp69.500,37%,Cashback 14%,Tangerang,OneMMA,4.4,40+ terjual
Tunik Hijab Set Olahraga Baju Senam Tennis Bersepeda Yoga,Rp75.000,Cashback 3%,Jakarta Barat,Hitjab,4.8,100+ terjual
Sportacular,Atasan Kaos T-shirt Sport Fitness Senam Yoga Running Olahraga Wanita,Rp230.000,Cashback 11%,Jakarta Utara,Unique Yoga Shop,4.9,100+ terjual
sportsstyles baju olahraga wanita CX009 fitness gym yoga,Rp159.000,Cashback 3%,Jakarta Utara,sportsstyles,5.0,10 terjual
PreOrder,Alo Yoga Charmed Tennis Dress golf lululemon,Rp2.199.000,Cashback 1%,Jakarta Barat,Running Bites,5.0,1 terjual
PreOrder,Outer Jala /Jaring untuk baju senam yoga zumba,Rp57.000,Cashback 2%,Bandung,JennydollShop,4.7,80+ terjual
Crop Top Sporty with Sexy back  / Baju Kaos Senam Olahraga Yoga Paula,Rp265.000,Cashback 11%,Jakarta Utara,Unique Yoga Shop,5.0,14 terjual
ATASAN OLAHRAGA WANITA - CROP KEY - BAJU SENAM AEROBIC ZUMBA YOGA GYM,Rp64.999,Cashback 1%,Tangerang,yenz sportswear,5.0,17 terjual
Terlaris,Setelan baju olahraga senam yoga gym fitnes zumba import wanita,Rp120.000,Cashback 5%,Jakarta Utara,Tulipshop77,4.8,60+ terjual
Ad,"Baju Kaos T-shirt Dry Fit Olahraga Wanita Bisa di ikat / Atasan Yoga - Biru Muda, S",Rp245.000,Cashback 11%,Jakarta Utara,Unique Yoga Shop,5.0,22 terjual
Ad,Baju Olahraga Zumba Top Bintik Yoga /Top Yoga Baju Yoga Senam All Size - Biru Tua,Rp125.000,Cashback 10%,Denpasar,unique yoga bali,5.0,1 terjual
Ad,Sportacular,"Kaos Senam Yoga Olahraga Wanita Dry Fit / T-shirt Vania T906 - Black, S",Rp215.000,Cashback 11%,Jakarta Utara,Unique Yoga Shop,4.8,100+ terjual
Ad,"Baju CropTop TX-829 Rubber Shirt Wanita Olahraga Fitnes yoga gym runni - Purple, S",Rp98.000,Rp119.000,18%,Cashback 3%,Jakarta Utara,sportsstyles,5.0,19 terjual
Ad,"Kaos olahraga senam yoga / T-shirt sindhu ohm kecil putih / Baju Yoga - Ohm Kecil, S",Rp160.000,Cashback 11%,Jakarta Utara,Unique Yoga Shop,5.0,2 terjual
