Ad,Fujifilm Instax Mini Polaroid Film refill / isi 20 (10x2),Rp169.999,Rp172.999,2%,Cashback 2%,Jakarta Barat,Point and shoot,5.0,100+ terjual
Ad,Fujifilm Paper Instax Mini Polos ISI 10 Sheet - 10 sheet,Rp98.000,Cashback 5%,Jakarta Pusat,KK_BOUTIQUE,5.0,11 terjual
Ad,Terlaris,FUJIFILM Paper Instax Twin Pack,Rp165.000,Rp179.000,8%,Cashback 3%,Jakarta Barat,Sinarmutiara Online,5.0,10rb+ terjual
Ad,Fujifilm Instax Mini Rainbow Film,Rp100.000,Cashback 6%,Jakarta Pusat,Instax Official Store,5.0,250+ terjual
Ad,Terlaris,Fujifilm Instax mini paper Film isi 20 Polaroid Twinpack Original,Rp170.000,Rp177.500,4%,Cashback 2%,Jakarta Barat,Gottemall,5.0,250+ terjual
UP|| FUJIFILM KAMERA POLAROID INSTAX MINI 8 9 LEATHER BAG HALF CASE /,Rp134.000,Cashback 1%,Jakarta Utara,martoblewah
Produk Terbaru,Polaroid land camera 1000,Rp450.000,Cashback 1%,Jakarta Selatan,r2809
kamera polaroid 636de jadul antik,Rp150.000,Tangerang Selatan,soklestore
Polaroid Go Camera Gen 2,Rp2.090.000,Cashback 1%,Jakarta Pusat,Fidgetoys.id
Kamera Polaroid Fujifilm Fuji Instax Mini 9 Jelly Warna Mini 9 Jell 8B,Rp36.336.000,Jakarta Barat,Skylight Books
Ad,Fujifilm Paper Instax Mini Polos ISI 20 Sheet,Rp166.320,Rp168.000,1%,Cashback 5%,Jakarta Pusat,KK_BOUTIQUE,5.0,4rb+ terjual
Ad,FUJIFILM INSTAX MINI FILM  SKY BLUE ,Rp100.000,Cashback 2%,Kab. Sleman,concept store jogja,3 terjual
Ad,Fujifilm Camera Instax Mini 11 Kamera Instan Garansi Resmi 1 Tahun - SKY BLUE,Rp1.149.000,Cashback 5%,Jakarta Barat,3TM Store
Ad,"Fujifilm Instax Mini 11 - Instant Film Camera - Pastel Green, Unit Only",Rp1.149.000,Cashback 3%,Jakarta Pusat,Focus Digitech
Ad,FUJIFILM Instax Mini 11 Instant Camera - purple,Rp1.099.000,Cashback 2%,Jakarta Pusat,Soupnfilm Official Store,5.0,2 terjual
BARU- Polaroid Originals Now I-Type Instant Camera - Everything Box,Rp7.261.000,Jakarta Barat,Skylight Books
Polaroid Go Adjustable Camera Strap,Rp300.000,Cashback 2%,Jakarta Selatan,Fine Grain,13 terjual
Polaroid Now i-Type Instant Camera,Rp2.350.000,Cashback 2%,Jakarta Selatan,Fine Grain,5.0,50+ terjual
Polaroid Snap White Kamera Pocket + Free 2 Polaroid zink paper,Rp3.333.000,Cashback 1%,Kab. Bandung,Tambun Online Store,5.0,2 terjual
Kamera Polaroid 790,Rp200.000,Kab. Cirebon,Restos id
Vintage Polaroid 640 Land Camera,Rp355.000,Cashback 1%,Kab. Bandung,Budy Antiques Gallery
Polaroid 600 Malibu Barbie Instant Film Camera,Rp6.455.000,Cashback 1%,Semarang,salinas ldko
Kamera Antik Polaroid Autofocus 660,Rp579.000,Jakarta Utara,Munan Store
Produk Terbaru,Kamera Polaroid Onestep Closeup,Rp205.000,Bogor,Lawas Legit
PreOrder,Polaroid SX-70 Sonar Camera,Rp7.680.000,Cashback 1%,Kab. Tangerang,shop_mvc,5.0,1 terjual
Ad,Fujifilm Instax mini paper Film isi 20 Polaroid Twinpack,Rp170.000,Cashback 4%,Jakarta Barat,Centrobuy,4.9,250+ terjual
Ad,"Fujifilm Instax Mini 11 Instant Film Camera - Charcoal Gray, Tanpa Paper",Rp1.200.000,Cashback 3%,Jakarta Pusat,DJI FLY-HOBBY
Ad,Terlaris,Fujifilm Refill Instax Mini Film Twinpack Plain - isi 20 Lembar Polos,Rp178.000,Cashback 2%,Jakarta Barat,HOP Market,4.9,1rb+ terjual
Ad,Fujifilm Instax Mini Paper Twin Polos White,Rp170.000,Cashback 1%,Jakarta Pusat,Anekafoto,5.0,100+ terjual
Ad,Fujifilm Instax Square Monochrome Instant Film - Black Frame,Rp165.000,Cashback 2%,Jakarta Pusat,Prima DGcam,5.0,11 terjual
Polaroid Camera Strap Flat - Rainbow White,Rp225.000,Cashback 2%,Jakarta Selatan,Fine Grain,5.0,12 terjual
"Polaroid Joycam Instant Camera - New Old Stock, Japan Market",Rp650.000,Cashback 1%,Kab. Sukoharjo,TokoBagasID
Kamera pemotretan instan anak-anak definisi tinggi baru Polaroid,Rp756.000,Jakarta Pusat,Deki_Shop
BARANG TERLARIS !!! Polaroid Now Camera Bag PACKING AMAN,Rp814.000,Jakarta Pusat,dinirta store
kamera polaroid procam vintage lawas jadul antik unik,Rp237.400,Tangerang,old_stock
kamera polaroid 1200ff,Rp150.000,Batam,rayhansip
Polaroid Now Camera Bag,Rp550.000,Cashback 2%,Jakarta Selatan,Fine Grain,5.0,8 terjual
Polaroid Land Camera - Automatic 100,Rp850.000,Cashback 1%,Tangerang Selatan,Mr. G Store
kamera polaroid Kodak instant handle2 bekas jadul,Rp300.000,Cashback 1%,Kab. Sidoarjo,funshinored camera
Polaroid one step close-up 600 instant camera original,Rp4.500.000,Jakarta Utara,Sukses_Abadi,4.4,40+ terjual
Ad,Fujifilm Instax Mini Film Photo Paper For Instax Mini 10x2,Rp169.999,Cashback 2%,Jakarta Barat,Megadata Cellindo,5.0,14 terjual
Ad,FUJIFILM INSTAX MINI FILM MONOCHROME. MINI PAPER,Rp105.000,Cashback 2%,Kab. Sleman,concept store jogja,5.0,5 terjual
Ad,Fujifilm Instax Paper Mini Polaroid Film Monochrome isi 10 pcs,Rp103.000,Cashback 2%,Jakarta Barat,Gottemall,5.0,4 terjual
Ad,Fujifilm Instax mini Sky Blue / Skyblue isi 10 Film Polaroid Motif,Rp99.900,Cashback 3%,Jakarta Barat,Palemedia,3 terjual
Ad,Fujifilm Instax Mini Film Rainbow - EXP JULY 2023,Rp100.000,Cashback 2%,Jakarta Barat,Jaya Utama Com,4.8,22 terjual
LTGEM EVA Hard Case untuk Polaroid Now I-type Instant Film Camera,Rp452.500,Kab. Bandung,hamsope
Camera Analog Polaroid Image ( DISPLAY ),Rp185.000,Cashback 1%,Jakarta Pusat,xyxy_musicstore48
Kamera Polaroid  I-Zone,Rp199.000,Cashback 1%,Tangerang,HeyFolks!
"POLAROID LAND CAMERA AUTOMATIC 210, lengkap dengan tas cover aslinya",Rp1.750.000,Cashback 3%,Jakarta Utara,Kunokini.online
kamera polaroid land camera 320 kondisi rusak pajangan antik jadul,Rp100.000,Cashback 1%,Surabaya,kokobuncit
Polaroid Now+ i-Type Instant Camera - FOREST GREEN,Rp2.655.450,Rp2.950.500,10%,Cashback 4%,Jakarta Selatan,POLARO_ID,2 terjual
KAMERA POLAROID LAND CAMERA 650 MADE IN USA UNTESTED,Rp215.000,Cashback 5%,Surabaya,BUKID 27
Polaroid Now+ Generation 2 i-Type Instant Camera,Rp2.850.000,Cashback 2%,Jakarta Selatan,Fine Grain,5.0,9 terjual
polaroid camera,Rp1.500.000,Kab. Bandung,krusty.krab,5.0,5 terjual
Polaroid Now+ Now Plus i-Type Instant Camera,Rp3.301.000,Cashback 1%,Jakarta Timur,Digital_Indo
Kamera POLAROID JOYCAM / Instant pocket camera analog jadul vintage ol,Rp95.000,Cashback 2%,Bogor,Salad Days
Kamera Polaroid I-Zone Bugs Bunny. Normal.,Rp275.000,Cashback 1%,Kab. Kediri,Kediripedia
Kamera Polaroid 620,Rp5.000.000,Bekasi,Krisnasip Online Store,5.0,3 terjual
[JVM] KAMERA VINTAGE POLAROID SPECTRA SYSTEM,Rp845.000,Jakarta Pusat,Deki_Shop
Polaroid Now+ 2nd Gen I-Type Film Bluetooth App Controlled Camera,Rp2.790.000,Cashback 1%,Jakarta Pusat,Fidgetoys.id,3 terjual
Polaroid Kamera kayu / Mainan anak / Wooden Toys / Montessori,Rp90.000,Cashback 2%,Cimahi,Hagia Decorative,5.0,19 terjual
CAMERA POLAROID ANALOG PROFESSIONAL ZENZA BRONICA SECOND,Rp270.000,Cashback 1%,Jakarta Timur,imanshell
Kamera Jadul Murah Polaroid Fujifilm Polaroid Colourpa ( Display/Mati),Rp199.000,Cashback 2%,Kab. Banyumas,Turning Point Store
Kamera Polaroid Antik Vintage Jadul  Spectra System MB Made In UK,Rp485.500,Cashback 4%,Jakarta Barat,JSN corp
Camera polaroid,Rp1.000.000,Medan,Kemoceng Ceng,5.0,2 terjual
Polaroid Now Plus i-Type Instant Camera,Rp2.600.000,Cashback 2%,Jakarta Selatan,Fine Grain,5.0,50+ terjual
Kodak Colorburst 50 polaroid instax colorplus display kamera analog,Rp250.000,Kab. Bogor,sigundut
Ready Stock Kamera Polaroid 420 Promo,Rp830.000,Jakarta Barat,Skylight Books
Polaroid 600 OneStep Flash Instant Camera,Rp14.186.000,Jakarta Barat,Skylight Books
kamera polaroid,Rp200.000,Jakarta Timur,Lapak udin
Kamera Polaroid 600 Business Antik Original,Rp299.000,Cashback 1%,Jakarta Utara,Aldino378
New !! Kamera Polaroid 620,Rp6.977.000,Jakarta Utara,Munan Store
Fujifilm Instax Mini 9 Kamera Polaroid Instant Smoky White Free Film,Rp2.148.000,Jakarta Barat,Skylight Books
kamera polaroid 330 jadul,Rp500.000,Cashback 3%,Bandung,Muhlasin
kamera polaroid 600 business edition,Rp150.000,Kab. Bandung Barat,nda66
Camera Kamera Polaroid Vision Auto Focus SLR Koleksi Vintage Rare,Rp550.000,Tangerang Selatan,Michaelle
Kamera Polaroid Instax Mini 9 Instan,Rp1.445.000,Jakarta Pusat,Deki_Shop
"Borong Handycam, Polaroid, Camera. cek detail.",Rp1.200.000,Jakarta Selatan,SBARUSLAMA_BABE
Kamera Vintage Polaroid Spectra System,Rp400.000,Cashback 1%,Jakarta Selatan,The President Bookstore
ANTIK VINTAGE KLASIK RETRO CAMERA INSTAN JOYCAM KAMERA POLAROID,Rp100.000,Jakarta Barat,DISSTORE INC
Ad,Fujifilm Instax Mini Film Photo Paper For Instax Mini 10x2,Rp170.000,Rp177.500,4%,Cashback 2%,Jakarta Barat,Gottemall,4.8,40+ terjual
Ad,Fujifilm Instax Mini Film Rainbow,Rp101.000,Cashback 2%,Jakarta Barat,Sultan IT,4.7,11 terjual
Ad,Fujifilm Instax Mini Film Stone Gray - EXP AUGST 2023,Rp100.000,Cashback 2%,Jakarta Barat,Jaya Utama Com,5.0,5 terjual
Ad,Fujifilm Instax Mini Film Stone Gray,Rp101.000,Cashback 2%,Jakarta Barat,Sultan IT,5.0,6 terjual
Ad,Fujifilm Instax Paper Mini Polaroid Film Blue Marble isi 10 Original,Rp99.900,Cashback 2%,Jakarta Barat,Gottemall,5.0,1 terjual
