Ad,Inspirasi Belanja,Polaroid Color 600 Film Frame - Color Frame,Rp299.900,Rp325.000,8%,Cashback 6%,Jakarta Barat,Experia Verse,5.0,100+ terjual
Ad,Produk Terbaru,Polaroid Originals 600 Color Film ,Rp310.000,Cashback 2%,Jakarta Utara,juragan35mm,1 terjual
Terlaris,Polaroid Originals 600 Color Film,Rp315.450,Rp350.500,10%,Cashback 4%,Jakarta Selatan,POLARO_ID,5.0,500+ terjual
Inspirasi Belanja,Polaroid Color 600 Film Frame,Rp299.900,Rp325.000,8%,Cashback 6%,Jakarta Barat,Experia Verse,5.0,100+ terjual
Polaroid Originals Color 600 Film,Rp350.000,Cashback 1%,Jakarta Selatan,Fine Grain,5.0,250+ terjual
Polaroid Originals 600 B&W Film,Rp315.500,Rp350.500,10%,Cashback 5%,Jakarta Selatan,POLARO_ID,5.0,80+ terjual
Polaroid Color 600 Instant Film,Rp365.000,Cashback 1%,Jakarta Pusat,Fidgetoys.id,5.0,70+ terjual
Polaroid Original 600 color frames film,Rp375.000,Cashback 2%,Jakarta Selatan,Fine Grain,5.0,100+ terjual
Polaroid Originals B&W 600 Film,Rp375.000,Cashback 2%,Jakarta Selatan,Fine Grain,5.0,100+ terjual
PreOrder,NQ 1 unit Polaroid 600 Color FilmiType Color Film suit for O,Rp718.000,Cashback 5%,Jakarta Pusat,nqstore22
Ad,Inspirasi Belanja,ROLL FILM KODAK VISION3 200T COLOR / 35MM 200T 27EXP,Rp88.000,Cashback 2%,Jakarta Pusat,ONLINE_STORE99,5.0,23 terjual
Ad,Terlaris,Fujifilm Instax Mini Plain Twin Pack Film,Rp170.000,Cashback 6%,Jakarta Pusat,Instax Official Store,4.9,3rb+ terjual
Ad,black and white earl grey 120 film ISO 100,Rp336.000,Cashback 1%,Kab. Tangerang,Polid House Tangerang
Ad,Terlaris,Fujifilm Instax Mini Plain Single Pack Film,Rp95.000,Cashback 6%,Jakarta Pusat,Instax Official Store,4.9,1rb+ terjual
Ad,Redscale XR negative 120 film ISO 50-200,Rp276.000,Cashback 1%,Kab. Tangerang,Polid House Tangerang,1 terjual
Polaroid Color 600 Film - Color Frames Edition,Rp346.950,Rp385.500,10%,Cashback 4%,Jakarta Selatan,POLARO_ID,5.0,2 terjual
PRODUK TERMURAH !!! Polaroid Blue 600 Film Reclaimed Edition PACKING,Rp481.000,Cashback 1%,Jakarta Pusat,rgn25kjaya
Polaroid 600 Color Instant Film Warna Termurah,Rp2.299.000,Rp2.599.000,12%,Cashback 2%,Tangerang,GarasiFILM,4.9,250+ terjual
POLAROID 600 COLOR INSTANT FILM WARNA TERMURAH ORIGINAL ONESTOPSHOPZ,Rp349.000,Cashback 1%,Jakarta Utara,onestopshopz
Polaroid Originals 600 Color Film Terlaris,Rp493.000,Jakarta Barat,Toko Nayyoung
Roll Film Polaroid Orinals Color 600 Film,Rp676.000,Cashback 1%,Jakarta Selatan,Whiten
Polaroid Originals 600 Color Film,Rp693.560,Jakarta Selatan,tokoyahya12
Polaroid 600 Color Instant Film Warna,Rp450.000,Cashback 1%,Tangerang,Chappie88,5.0,12 terjual
Dijual Polaroid 600 Color Instant Film Warna Termurah Berkualitas,Rp671.000,Surabaya,suratunshop
Produk Terbaru,BARANG TERLARIS POLAROID COLOR 600 INSTANT FILM READYY,Rp533.000,Jakarta Pusat,DandiFaizin
Ad,Fujifilm Instax Mini Sky Blue Film,Rp100.000,Cashback 6%,Jakarta Pusat,Instax Official Store,4.9,250+ terjual
Ad,Mega Electrodeals,Fujifilm Instax Mini Black Frame Film,Rp100.000,Cashback 6%,Jakarta Pusat,Instax Official Store,5.0,750+ terjual
Ad,Terlaris,Kodak Ultramax 400 36EXP Roll Film,Rp156.500,Rp176.000,11%,Cashback 3%,Jakarta Barat,JakartaCamera,5.0,250+ terjual
Ad,Kodak Ultramax 400 - Film 35mm 24 exp iso 400,Rp152.499,Cashback 2%,Jakarta Barat,Megadata Cellindo,3 terjual
Ad,Kodak Roll Film Portra 400 / kodak roll film 800 - portra 800,Rp299.000,Cashback 5%,Jakarta Pusat,KK_BOUTIQUE,5.0,10 terjual
Produk Terbaru,BARANG TERLARIS POLAROID ORIGINALS B&W 600 FILM READYY,Rp537.000,Jakarta Pusat,DandiFaizin
Produk Terbaru,BARANG TERLARIS POLAROID ORIGINALS 600 B&W FILM READYY,Rp512.000,Jakarta Pusat,DandiFaizin
Produk Terbaru,BARANG TERLARIS POLAROID ORIGINALS 600 COLOR FILM READYY,Rp512.000,Jakarta Pusat,DandiFaizin
Produk Terbaru,BARANG TERLARIS POLAROID ORIGINALS COLOR 600 FILM READYY,Rp522.000,Jakarta Pusat,DandiFaizin
Produk Terbaru,BARANG TERLARIS POLAROID ORIGINAL FILM 600 COLOR FRAME ROUND EDITION,Rp552.000,Jakarta Pusat,DandiFaizin
GRAB INSTANT! Polaroid 600 Color Instant Film Warna Termurah,Rp711.000,Jakarta Barat,Skylight Books
Polaroid 600 Color Instant Film Warna Termurah,Rp663.000,Jakarta Barat,Skylight Books
SALE COD !!! Polaroid Blue 600 Film Reclaimed Edition PACKING AMAN,Rp472.000,Jakarta Pusat,21terasshope
Polaroid Originals Color 600 Film,Rp527.000,Jakarta Pusat,PT Jaya Wijaya
Ada Polaroid s 600 Color Film,Rp703.000,Diskon 2%,Jakarta Barat,camstore.
Ad,Kodak Portra 800 35mm Film Fresh BUKAN portra 400,Rp307.500,Cashback 2%,Jakarta Utara,juragan35mm,5.0,24 terjual
Ad,Terlaris,KODAK ULTRAMAX GC 35mm iso 400 Ultra Max - Roll Film,Rp157.000,Rp193.500,19%,Cashback 2%,Jakarta Barat,Point and shoot,4.9,750+ terjual
Ad,[READY STOCK] Kodak Portra 400 Roll Film Colour 135mm,Rp262.000,Cashback 2%,Jakarta Utara,juragan35mm,5.0,500+ terjual
Ad,"Kodak PORTRA 400 - 135/36 - Roll Film 35mm, 36x Exposure - Single Roll",Rp274.999,Rp278.999,1%,Cashback 2%,Jakarta Barat,Gigatronic,5.0,100+ terjual
Ad,Kodak PORTRA 400 - 135 / 36 - Roll Film - Single Roll,Rp274.999,Rp278.999,1%,Cashback 2%,Jakarta Barat,Point and shoot,5.0,250+ terjual
BARANG TERBARU !!! Polaroid Originals B&W 600 Film PACKING AMAN,Rp555.000,Cashback 1%,Jakarta Pusat,rgn25kjaya
PRODUK TERMURAH !!! Polaroid Color 600 Instant Film PACKING AMAN,Rp486.000,Cashback 1%,Jakarta Pusat,rgn25kjaya
BARANG TERBARU !!! Polaroid Color 600 Film - White Frame PACKING AMAN,Rp511.000,Cashback 1%,Jakarta Pusat,rgn25kjaya
Polaroid Color 600 Instant Film Original Best Seller,Rp489.000,Cashback 1%,Jakarta Pusat,ilhampod
BARANG TERBARU !!! Polaroid Originals Color 600 Film PACKING AMAN,Rp511.000,Cashback 1%,Jakarta Pusat,rgn25kjaya
PRODUK TERMURAH !!! Film Polaroid 600 Color merk Polaroid Original -,Rp511.000,Cashback 1%,Jakarta Pusat,rgn25kjaya
terbaru !!! polaroid original 600 color frames film ready,Rp555.000,Jakarta Pusat,Tokojaya8911
terbaru !!! polaroid original film 600 color frame round edition ready,Rp578.000,Jakarta Pusat,Tokojaya8911
Polaroid Originals B&W 600 Film Original Best Seller,Rp553.000,Cashback 1%,Jakarta Pusat,ilhampod
Polaroid Originals Color 600 Film Original Best Seller,Rp537.000,Cashback 1%,Jakarta Pusat,ilhampod
terbaru !!! polaroid color 600 film frame ready,Rp511.000,Jakarta Pusat,Tokojaya8911
terbaru !!! polaroid originals b&w 600 film ready,Rp578.000,Jakarta Pusat,Tokojaya8911
Film Polaroid 600 Color Merk Polaroid Original - Rounded Frame,Rp530.000,Cashback 1%,Jakarta Pusat,ilhampod
Polaroid Blue 600 Film Reclaimed Edition Original Best Seller,Rp476.000,Cashback 1%,Jakarta Pusat,ilhampod
Diskon Polaroid 600 Color Film - Round Frame Edition Terbaru,Rp503.000,Cashback 1%,Jakarta Pusat,XvierPRATAMA
Best Seller Polaroid Originals 600 Color Film Kualitas Terjamin,Rp477.000,Cashback 1%,Jakarta Pusat,XvierPRATAMA
Promo Polaroid Color 600 Instant Film Kualitas Terjamin,Rp490.000,Cashback 1%,Jakarta Pusat,XvierPRATAMA
Ready Polaroid Original 600 Color Frames Film Kualitas No1,Rp555.000,Cashback 1%,Jakarta Pusat,XvierPRATAMA
Best Seller Polaroid Originals 600 B&W Film Kualitas No1,Rp483.000,Cashback 1%,Jakarta Pusat,XvierPRATAMA
langsung cek polaroid original 600 color frames film,Rp830.000,Cashback 1%,Jakarta Pusat,zahrapedia67
Diskon Polaroid Color 600 Instant Film,Rp525.000,Cashback 2%,Jakarta Barat,jajana2
Terjangkau Polaroid Originals Color 600 Film,Rp549.000,Cashback 2%,Jakarta Barat,jajana2
Terjangkau Polaroid Original 600 Color Frames Film,Rp579.000,Cashback 2%,Jakarta Barat,jajana2
Spesial Polaroid Originals B&W 600 Film,Rp585.000,Cashback 2%,Jakarta Barat,jajana2
Polaroid Original Film 600 Color Frame Round Edition,Rp375.000,Cashback 1%,Jakarta Selatan,Fine Grain,5.0,100+ terjual
BLC-862 Polaroid Color 600 Film - Round Frame Edition,Rp519.800,Cashback 2%,Bekasi,belacare02
Film Polaroid 600 Color merk Polaroid Original - Rounded Frame,Rp350.000,Jakarta Selatan,pusat Kamera Analog,5.0,17 terjual
Polaroid Color 600 Instant Film #Gratisongkir,Rp566.500,Diskon 7%,Jakarta Barat,HOME STUDIO99
Polaroid Originals Color 600 Film #Gratisongkir,Rp595.000,Diskon 7%,Jakarta Barat,HOME STUDIO99
mam polaroid originals color 600 film,Rp515.000,Jakarta Selatan,CV mam
Polaroid Originals 600 Color Film,Rp735.000,Cashback 1%,Jakarta Selatan,cv ajadeh
Polaroid Original Film 600 Color Frame Round Edition #Gratisongkir,Rp607.500,Diskon 7%,Jakarta Barat,HOME STUDIO99
Ad,KODAK i60 35MM FILM CAMERA ISO 200 / 400 / 800 - Yellow,Rp430.000,Cashback 6%,Jakarta Pusat,KK_BOUTIQUE,2 terjual
Ad,Kodak GB135-36 UltraMax 400 Roll Film Original Produk,Rp230.000,Cashback 5%,Yogyakarta,mitrakamera jogja
Ad,Kodak Ultramax 400 Color Negative Film (ISO 400) 35mm 24exp Original - 1 ROLL,Rp152.500,Cashback 2%,Jakarta Barat,Gottemall,5.0,30+ terjual
