,Title,Total,Price,Location
0,Celana Jeans Denim Panjang Skinny Semi Slimfit Cowok/Cowo/Pria Murah Dan Grosir,705 Terjual,Rp118.800,KOTA BANDUNG
1,Superego celana carpenter denim jeans panjang utility standar Blue CPS01B,193 Terjual,Rp189.000,KOTA TANGERANG
2,Aerostreet Celana Jeans Reguler Calvin Medium Blue 1F100,13 Terjual,Rp179.900,KAB. KLATEN
3,Superego celana carpenter denim jeans panjang utility standar Snow Blue CPS01F,694 Terjual,Rp189.000,KOTA TANGERANG
4,Jimmy and Martin - Classic 5 Pocket Denim Pants - 1000,"5,2RB Terjual",Rp184.950,KOTA BANDUNG
5,FICHINO - Celana Jeans Panjang Pria / Denim Pants Boston Series Warna Ice Wash,"1,9RB Terjual",Rp139.000,KOTA BANDUNG
6,M231 Celana Panjang Jeans Denim Pria Hitam C1168,"3,3RB Terjual",Rp199.000,KAB. TANGERANG
7,Superego celana carpenter denim jeans panjang utility standar Paint Snow Blue Splash CPS03C,470 Terjual,Rp149.900,KOTA TANGERANG
8,Celana jeans pria Celana celana jeans biru muda Panjang pria Sobek Celana pria korean style celanan boyfriend jeans pria Celana Jeans Pensil Pria slim fit stretch Bahan Stretch Denim dewasa celana ripeede jeans pria jumbo celana pria keren,"2,9RB Terjual",Rp149.640,KOTA JAKARTA BARAT
9,celana jeans denim panjang strecth sobek cakar kucing pria model terbaru bisa COD,10RB+ Terjual,Rp89.976,KOTA JAKARTA SELATAN
10,Aerostreet Celana Jeans Slim Fit Jackson Light Blue 1F100,21 Terjual,Rp179.900,KAB. KLATEN
11,Delibra Celana Jeans Panjang,"3,6RB Terjual",Rp180.000,KOTA BANDUNG
12,TWO ONE Celana Jeans Pria Panjang Semi Slimfit Denim Stretch Navy Blue,"2,3RB Terjual",Rp150.000,KOTA CIMAHI
13,Carnos - Celana Jeans Panjang Hitam Pria Slimfit,561 Terjual,Rp125.000,KOTA BANDUNG
14,DGM Fashion Celena Jeans Skinny Cowok Washing Black Cut Rips Slimfit Denim Jeans Panjang Pria 2000,761 Terjual,Rp135.000,KOTA TANGERANG SELATAN
15,M231 Celana Panjang Jeans Denim Stretch Pria Dark Blue C1170,"1,1RB Terjual",Rp199.000,KAB. TANGERANG
16,Puddinglane Celana Jeans Pria 15Oz Denim Accent Selvedge Meggy,766 Terjual,Rp149.000,KOTA TANGERANG SELATAN
17,FIFTY ONE DENIM - Celana Jeans Pria Slimfit Stretch New Original Jeans Panjang Pria Skinny Semi,"3,6RB Terjual",Rp77.500,KOTA JAKARTA SELATAN
18,Denim Pants,10RB+ Terjual,Rp149.000,KAB. TANGERANG
19,M231 Celana Panjang Jeans Denim Stretch Pria Blue Denim C1171,469 Terjual,Rp209.000,KAB. TANGERANG
20,Celana Jeans pria panjang slim fit skinny denim pensil jins slimfit Bahan Stretch Melar Nyaman Bagus Ufc lari Mma Fitnes gym jogging berenang main mabar nongkrong kerja kantor,10RB+ Terjual,Rp75.000,KOTA JAKARTA PUSAT
21,Celana jeans pria panjang biru muda stretch slim fit denim jeans bahan stretch melar houseofcuff,"1,1RB Terjual",Rp179.000,KOTA JAKARTA BARAT
22,VEGAS 06 Celana Panjang Jeans Denim Pria - Bottom Man Long Pants Edwin Jeans,10RB+ Terjual,Rp499.000,KOTA TANGERANG
23,Celana panjang Jeans Slim Fit biru pudar denim pants pria houseofcuff,610 Terjual,Rp189.000,KOTA JAKARTA BARAT
24,FICHINO Celana Jeans Panjang Pria / Denim Pants Boston Series Warna Blue Black,"3,2RB Terjual",Rp139.000,KOTA BANDUNG
25,Celana jeans pria baggy pants korean style oversize loose blue jeans straight kulot boyfriend jeans longgar celana cowo celana panjang denim pria pants korean,10RB+ Terjual,Rp154.800,KOTA TANGERANG
26,HILLBOSS Sample Sale Celana Panjang Jeans Pria Denim Regular Fit,639 Terjual,Rp79.000,KOTA JAKARTA BARAT
27,Gizmo Celana Jeans Reguler Grey Retro Basic Denim,9RB Terjual,Rp169.000,KOTA BANDUNG
28,Celana jeans pria pensil cowo slimfit jeans cowok skinny jins (Promo Ramadhan) / Celana jeans pria,10RB+ Terjual,Rp80.000,KOTA JAKARTA SELATAN
29,DGM Fashion Celana Jeans Panjang Pria Exclusive Celana Jeans Cowok Skinny Jeans Black 2000,"1,1RB Terjual",Rp135.000,KOTA TANGERANG SELATAN
30,Celana jeans hitam pria denim ripped sobek robek bahan stretch melar slim fit houseofcuff,"2,6RB Terjual",Rp179.000,KOTA JAKARTA BARAT
31,HIPSTER Celana Jeans Hitam Panjang Pria Size 26 Sampai 40,10RB+ Terjual,Rp172.200,KAB. BANDUNG
32,Ink7 Celana Jeans Abu-Abu Scrub Skinny Jeans Stretch Denim Pants Grey Washed J006-GreyWashed,269 Terjual,Rp139.000,KOTA BANDUNG
33,ZWECKOUT LABEL - Celana Jeans Panjang Pria Skinny Slim fit Light Grey,10RB+ Terjual,Rp165.000,KAB. BANDUNG
34,FIFTEEN DENIM - Celana Jeans Pria Slim Fit Streetch Original New Fifteen Denim / Celana Pria Jeans,10RB+ Terjual,Rp77.500,KOTA JAKARTA SELATAN
35,Gizmo Jeans Reguler dan Denim Slimfit Rejected Good Sale / Defect Sale,657 Terjual,Rp120.000,KOTA BANDUNG
36,CELANA JEANS STANDAR//JEANS REGULER PRIA-BASIC CELANA PANJANG -JEANS COWOK,503 Terjual,Rp80.000,KOTA BEKASI
37,TWO ONE Celana Jeans Pria Panjang Semi Slimfit Denim Stretch Abu-abu,"3,5RB Terjual",Rp150.000,KOTA CIMAHI
38,Celana jeans standart / jeans reguler pria - basic Celana panjang- Jeans cowok cowo,10RB+ Terjual,Rp77.000,KOTA JAKARTA SELATAN
39,VEGAS 01 Celana Panjang Jeans Denim Pria - Bottom Man Long Pants Edwin Jeans,10RB+ Terjual,Rp259.900,KOTA TANGERANG
40,Celana Bikers Riders Polos Panjang Jeans Biker Sobek Skinny Slim fit - Denim Terbaru Robek Lutut,"9,5RB Terjual",Rp125.500,KAB. PEKALONGAN
41,Celana jeans standart / jeans regular pria - basic Celana panjang- Ar Jeans,10RB+ Terjual,Rp89.000,KOTA JAKARTA TIMUR
42,Celana jeans pria panjang slimfit skinny denim pensil jins slim fit jeans bahan bagus Nyaman ufc lari Mma fitnes gym joging botol reguler santai kerja kantor proyek spv leader karyawan staff ori ganteng Promo awal tahun ramadhan sale lebaran idul fitri,10RB+ Terjual,Rp79.000,KOTA JAKARTA SELATAN
43,FIFTEEN DENIM - Celana Jeans Pria Slim Fit Streetch Original New Fifteen Denim / Celana Pria Jeans,1RB Terjual,Rp69.000,KOTA JAKARTA BARAT
44,Fathco - Celana Jeans Reguler Basic Green Army,"3,4RB Terjual",Rp149.400,KAB. BANDUNG BARAT
45,Celana Panjang Jeans Chinos Denim Pria - Celana Chino Celana Panjang Jeans Chinos Denim Pria - Celana Chino Denim Bottom Man Long Pants Tofu Fashion,144 Terjual,Rp99.000,KOTA JAKARTA PUSAT
46,Celana jeans standart / jeans reguler pria -basic Celana panjang- Gudang Jeans,10RB+ Terjual,Rp79.000,KOTA JAKARTA SELATAN
47,M231 Celana Panjang Jeans Denim Pria Bio Stone C1166,"2,4RB Terjual",Rp209.000,KAB. TANGERANG
48,Otsky Celana Jeans Denim All Varian Basic,720 Terjual,Rp169.900,KOTA BANDAR LAMPUNG
49,Celana Jeans Pria Dewasa Slimfit Stretch Denim Washed Jeans,"7,5RB Terjual",Rp72.000,KOTA BEKASI
50,elzano celana jeans denim pria celana panjang jeans pria slim fit celana putih pria forward,"5,8RB Terjual",Rp120.000,KAB. BANDUNG
51,0CELANA JEANS PRIA Celana Jeans Pria Snow Wash Original celana panjang pria,"4,5RB Terjual",Rp79.900,KOTA PEKALONGAN
52,PROMO WG | CELANA PANJANG JEANS PRIA | CELANA STANDAR | 28-38 | REGULER FIT | BISA COD ( BAYAR DI TEMPAT ),"2,9RB Terjual",Rp116.748,KOTA JAKARTA BARAT
53,celana jeans bikers pria celana panjang jeans pria model skinny 27-38,"1,5RB Terjual",Rp113.000,KAB. PEKALONGAN
54,Superego Celana Fatigue Pants Jeans Denim Pria Washed Tapered Snow Light Blue SFP01B,KOTA TANGERANG,Rp199.000,Produk Serupa
55,Superego celana carpenter denim jeans panjang utility standar Navy CPS01D,229 Terjual,Rp189.000,KOTA TANGERANG
56,Superego Denim Pants Baggy Relaxed - Blue Wash BPR01G,291 Terjual,Rp209.000,KOTA TANGERANG
57,Pride N Joy - Celana Jeans Raw Denim - Neville 10 OZ - Shellstitch Accent,"3,3RB Terjual",Rp195.000,KOTA BANDUNG
58,Superego celana carpenter denim jeans panjang utility standar Paint Snow Light Blue Splash CPS03B,75 Terjual,Rp149.900,KOTA TANGERANG
59,M231 Celana Panjang Jeans Denim Pria Bleach C1164,"6,5RB Terjual",Rp199.000,KAB. TANGERANG
